{
  "swagger": "2.0",
  "info": {
    "title": "",
    "version": ""
  },  
  "paths": {
    "/*": {
      "get": {
        "responses": {
          "200": { "description":"OK"}
        }
      },
      "post": {
        "responses": {
          "201": {"description":"Created"}
        }
      },
      "put": {
        "responses": {
          "200": {"description":"OK"}
        }
      },
      "delete": {
        "responses": {
          "200": {"description":"OK"}
        }
      }
    }
  }
}
