{
  "paths": {
    "/*": {
      "post": {
        "parameters": [
          {
            "schema": {
              "type": "string"
            },
            "description": "SOAP request.",
            "name": "SOAP Request",
            "required": true,
            "in": "body"
          },
          {
            "description": "SOAPAction header for soap 1.1",
            "name": "SOAPAction",
            "type": "string",
            "required": false,
            "in": "header"
          }
        ],
        "responses": {
          "200": {
            "description": "OK"
          }
        }
      }
    }
  },
  "swagger": "2.0",
  "consumes": [
    "text/xml",
    "application/soap+xml"
  ],
  "produces": [
    "text/xml",
    "application/soap+xml"
  ],
  "info": {
    "title": "",
    "version": ""
  }
}
