{
  "codegen": {
    "servers": "https://generator.swagger.io/api/gen/servers",
    "clients": "https://generator.swagger.io/api/gen/clients",
    "server": "https://generator.swagger.io/api/gen/servers/{language}",
    "client": "https://generator.swagger.io/api/gen/clients/{language}"
  },
  "analytics": {
    "google": {
      "id": ""
    }
  },
  "disableCodeGen": false,
  "examplesFolder": "spec-files/",
  "editorOptions": {
    "theme": "ace/theme/atom_dark"
  },
  "exampleFiles": [
  ],
  "autocompleteExtension": {},
  "useBackendForStorage": false,
  "backendThrottle": 200,
  "keyPressDebounceTime": 200,
  "backendEndpoint": "/editor/spec",
  "useYamlBackend": false,
  "disableFileMenu": false,
  "headerBranding": false,
  "disableNewUserIntro": true,
  "enableTryIt": false,
  "brandingCssClass": "wso2apim",
  "importProxyUrl": ""
}
